,Tweet
0,"Più gas, per pagare bollette meno care, e avvio della ricerca sul nucleare pulito e sicuro. Bene l’Europa, ora il governo Draghi sia conseguente e abbandoni i No ideologici."
1,"Milano fuori controllo, chi ha il dovere di farlo intervenga. https://t.co/qnVafiu6kb"
2,"Fra polemiche, spot alle droghe, saluti comunisti e “battesimi” a petto nudo, l’unica certezza è lui: unico, semplice, inimitabile Fiorello. #Sanremo22 https://t.co/j4pgNNxeju"
3,"Vincente, brillante, sensibile, versatile, maestra della comunicazione e della dialettica. Unica nel suo genere. Addio a #MonicaVitti, icona del cinema italiano nel mondo. https://t.co/kEW3CiUQDp"
4,"Milano, rissa con bottiglie e coltelli. Un po’ di servizio militare a questi ragazzi non farebbe male! https://t.co/nWATabj6fG"
5,Errata corrige. Qui la foto originale senza il “filtro nitidezza” che ha fatto apparire dei volti sulle mascherine dei presenti. Al lavoro. https://t.co/YryP84PQN9
6,"Addio a #TitoStagno, raccontò agli italiani la conquista della luna, e a Maurizio #Zamparini, imprenditore e storico patron del Palermo. Il mio abbraccio alle persone a loro care. https://t.co/Ra6DNEMRQp"
7,"Altro che “transizione energetica” immediata e “tutto elettrico” con prodotti cinesi, se in Italia non ci affrettiamo a produrre, estrarre e comprare più gas, rischiamo di lasciare al buio e al freddo milioni di famiglie e di costringere alla chiusura migliaia di imprese."
8,"Complimenti ad @AndreCVentura e ai sostenitori di @PartidoCHEGA, cresciuti e diventati ormai il terzo partito del Portogallo, per l'ottimo risultato alle elezioni! Orgoglioso di condividere con gli Amici portoghesi il nostro cammino in Europa, avanti insieme!"
9,"Proposta ragionevole e concreta: va modificata una norma del Dl Sostegni Ter sulla cessione dei crediti. Bene prevenire le frodi, ma senza penalizzare famiglie e imprese che stanno facendo ristrutturazione edilizia. La Lega ha già pronto l’emendamento."
10,"Con la grande squadra della Lega in Regione Lombardia che con il massimo impegno non perde di vista gli obiettivi su cui lavorare: Lavoro, Sanità e opere pubbliche. Avanti! https://t.co/f1HXRRy3rz"
11,"Un’ottima notizia per i due #Marò e per l’Italia!  Questa storia, durata troppo tempo, si è finalmente conclusa. Bene! https://t.co/aYM8B3DyNQ"
12,"Vi propongo la mia lettera a @ilgiornale di questa mattina, trovate il testo completo al seguente link 👇 https://t.co/KXqiMgOhBL"
13,Auguri di pronta guarigione! https://t.co/8qORUfXasS
14,"Un altro caffè e al lavoro, la prima donna Presidente della Repubblica sarebbe una straordinaria innovazione. #PresidenzaDellaRepubblica https://t.co/uJ7xWVzMQQ"
15,Vi aggiorno da Roma. https://t.co/axKt4e5Dut
16,In diretta da Montecitorio. https://t.co/wgu3loHNFK
17,Una DONNA delle Istituzioni al QUIRINALE. Un onore proporla. https://t.co/BsmHB5Qg4a
18,"Non è il momento delle provocazioni. In una fase di crisi geopolitica, energetica, logistica e di aumento del costo delle materie prime, anche solo ipotizzare tagli ai fondi europei destinati all’Italia è inaccettabile."
19,Perché l’atroce follia assassina non si ripeta mai più. #giornatadellamemoria https://t.co/L2ukliuToT
